Workbook

Sheet Sheet1
A1: OrderID | B1: Date | C1: CustomerID | D1: Product | E1: Quantity | F1: UnitPrice | G1: ShippingAddress | H1: PaymentMethod | I1: OrderStatus | J1: TrackingNumber | K1: ItemsInCart | L1: CouponCode | M1: ReferralSource | N1: TotalPrice
A2: ORD200000 | B2: 44930 | C2: C72649 | D2: Monitor | E2: 5 | F2: 570.62 | G2: 928 Main St | H2: Debit Card | I2: Shipped | J2: TRK37947903 | K2: 7 | L2: SAVE10 | M2: Instagram | N2: 2853.1
A3: ORD200001 | B3: 45527 | C3: C75739 | D3: Phone | E3: 2 | F3: 151.35 | G3: 823 Main St | H3: Online | I3: Shipped | J3: TRK91186779 | K3: 3 | L3: SAVE10 | M3: Referral | N3: 302.7
A4: ORD200002 | B4: 45349 | C4: C81728 | D4: Tablet | E4: 5 | F4: 550.68 | G4: 512 Main St | H4: Credit Card | I4: Cancelled | J4: TRK42903982 | K4: 8 | L4: FREESHIP | M4: Email | N4: 2753.4
A5: ORD200003 | B5: 45214 | C5: C33540 | D5: Chair | E5: 1 | F5: 273.19 | G5: 275 Main St | H5: Debit Card | I5: Returned | J5: TRK62788070 | K5: 5 | L5: SAVE10 | M5: Facebook | N5: 273.19
A6: ORD200004 | B6: 45785 | C6: C81840 | D6: Printer | E6: 4 | F6: 626.01 | G6: 668 Main St | H6: Online | I6: Delivered | J6: TRK29241424 | K6: 8 | L6: SAVE10 | M6: Email | N6: 2504.04
A7: ORD200005 | B7: 45222 | C7: C37249 | D7: Phone | E7: 2 | F7: 245.86 | G7: 934 Main St | H7: Credit Card | I7: Shipped | J7: TRK72976927 | K7: 4 | L7: SAVE10 | M7: Instagram | N7: 491.72
A8: ORD200006 | B8: 45825 | C8: C83492 | D8: Laptop | E8: 1 | F8: 664.42 | G8: 986 Main St | H8: Gift Card | I8: Returned | J8: TRK96417362 | K8: 6 | L8: SAVE10 | M8: Facebook | N8: 664.42
A9: ORD200007 | B9: 45058 | C9: C41460 | D9: Monitor | E9: 5 | F9: 149.55 | G9: 706 Main St | H9: Cash | I9: Shipped | J9: TRK78809193 | K9: 9 | L9: FREESHIP | M9: Facebook | N9: 747.75
A10: ORD200008 | B10: 45749 | C10: C26817 | D10: Phone | E10: 2 | F10: 134.28 | G10: 904 Main St | H10: Gift Card | I10: Cancelled | J10: TRK61042692 | K10: 2 | L10: NONE | M10: Email | N10: 268.56
A11: ORD200009 | B11: 45251 | C11: C31946 | D11: Desk | E11: 4 | F11: 509.38 | G11: 102 Main St | H11: Credit Card | I11: Shipped | J11: TRK33478363 | K11: 6 | L11: SAVE10 | M11: Google | N11: 2037.52
A12: ORD200010 | B12: 45289 | C12: C43443 | D12: Tablet | E12: 5 | F12: 625.97 | G12: 333 Main St | H12: Credit Card | I12: Returned | J12: TRK98859248 | K12: 9 | L12: WINTER15 | M12: Instagram | N12: 3129.85
A13: ORD200011 | B13: 45339 | C13: C93861 | D13: Monitor | E13: 3 | F13: 49.14 | G13: 831 Main St | H13: Online | I13: Returned | J13: TRK48234646 | K13: 7 | L13: SAVE10 | M13: Email | N13: 147.42
... A1201: ORD201199 | B1201: 45088 | C1201: C57502 | D1201: Tablet | E1201: 4 | F1201: 560.58 | G1201: 201 Main St | H1201: Gift Card | I1201: Returned | J1201: TRK51116746 | K1201: 6 | L1201: SAVE10 | M1201: Referral | N1201: 2242.32

Sheet EDA
A1: METRIC | B1: VALUE | D1: PRODUCT | E1: ORDER COUNT | F1: TOTAL REVENUE | H1: ORDER STATUS | I1: COUNT
A2: Total Orders | B2: =COUNTA(Sheet1!A2:A1201) -> 1200 | D2: Laptop | E2: =COUNTIF(Sheet1!$D$2:$D$1201,D2) -> 173 | F2: =SUMIF(Sheet1!$D$2:$D$1201,D2,Sheet1!$N$2:$N$1201) -> 192126.56 | H2: Delivered | I2: =COUNTIF(Sheet1!$I$2:$I$1201,H2) -> 231
A3: Total Revenue | B3: =SUM(Sheet1!N2:N1201) -> 1264762 | D3: Phone | E3: =COUNTIF(Sheet1!$D$2:$D$1201,D3) -> 156 | F3: =SUMIF(Sheet1!$D$2:$D$1201,D3,Sheet1!$N$2:$N$1201) -> 151722.39 | H3: Shipped | I3: =COUNTIF(Sheet1!$I$2:$I$1201,H3) -> 235
A4: Average Order Value | B4: =AVERAGE(Sheet1!N2:N1201) -> 1053.9683 | D4: Tablet | E4: =COUNTIF(Sheet1!$D$2:$D$1201,D4) -> 179 | F4: =SUMIF(Sheet1!$D$2:$D$1201,D4,Sheet1!$N$2:$N$1201) -> 186568.95 | H4: Pending | I4: =COUNTIF(Sheet1!$I$2:$I$1201,H4) -> 237
A5: Median Order Value | B5: =MEDIAN(Sheet1!N2:N1201) -> 823.615 | D5: Monitor | E5: =COUNTIF(Sheet1!$D$2:$D$1201,D5) -> 163 | F5: =SUMIF(Sheet1!$D$2:$D$1201,D5,Sheet1!$N$2:$N$1201) -> 175651.41 | H5: Camcelled | I5: =COUNTIF(Sheet1!$I$2:$I$1201,H5) -> 0
A6: Highest Order Value | B6: =MAX(Sheet1!N2:N1201) -> 3456.4 | D6: Printer | E6: =COUNTIF(Sheet1!$D$2:$D$1201,D6) -> 181 | F6: =SUMIF(Sheet1!$D$2:$D$1201,D6,Sheet1!$N$2:$N$1201) -> 195612.61 | H6: Returned | I6: =COUNTIF(Sheet1!$I$2:$I$1201,H6) -> 247
A7: Lowest Order Value | B7: =MIN(Sheet1!N2:N1201) -> 11.39 | D7: Chair | E7: =COUNTIF(Sheet1!$D$2:$D$1201,D7) -> 178 | F7: =SUMIF(Sheet1!$D$2:$D$1201,D7,Sheet1!$N$2:$N$1201) -> 195620.11
D8: Desk | E8: =COUNTIF(Sheet1!$D$2:$D$1201,D8) -> 170 | F8: =SUMIF(Sheet1!$D$2:$D$1201,D8,Sheet1!$N$2:$N$1201) -> 167459.93
A9: Most Common Product | B9: Printer
A10: Most Common Payment | B10: Online
A11: Most Common Payment | B11: Pending
A12: Total Quantity Sold | B12: =SUM(Sheet1!E2:E1201) -> 3535
